{"cameraMode":{"drawMode":0,"name":"Shaded","section":"Shading Mode"},"sceneLighting":true,"audioPlay":false,"sceneViewState":{"m_AlwaysRefresh":false,"showFog":true,"showSkybox":true,"showFlares":true,"showImageEffects":true,"showParticleSystems":true,"showVisualEffectGraphs":true,"m_FxEnabled":true},"in2DMode":false,"pivot":{"x":204.3370361328125,"y":332.30572509765627,"z":4.166633605957031},"rotation":{"x":-0.19344478845596314,"y":-0.07847565412521362,"z":0.015679482370615007,"w":-0.9778839945793152},"size":54.08567810058594,"orthographic":false}